{
  "messages": {
    "2":[1589419479.8767705,1589419479.8767705,2,"2-frame"],
    "3":[1589419480.8767705,1589419480.8767705,3,"3-frame"]
  },
  "timing":[
    {
      "2":[1589419479.8767705,1589419479.8767705,2,"2-frame"],
      "3":[1589419480.8767705,1589419480.8767705,3,"3-frame"]
    }
  ]
}