{"messages":{"2":[1589420187.5203457,1589420187.5203457,2,"2-frame"],"3":[1589420188.5203457,1589420188.5203457,3,"3-frame"]},"timing":[{"2":[1589420187.5203457,1589420187.5203457,2,"2-frame"],"3":[1589420188.5203457,1589420188.5203457,3,"3-frame"]}]}