{
  "messages": {
    "2": [
      1590473834.961433,
      1590473834.961433,
      2,
      "2-frame"
    ],
    "3": [
      1590473835.961433,
      1590473835.961433,
      3,
      "3-frame"
    ]
  },
  "timing": [
    {
      "2": [
        1590473834.961433,
        1590473834.961433,
        2,
        "2-frame"
      ],
      "3": [
        1590473835.961433,
        1590473835.961433,
        3,
        "3-frame"
      ]
    }
  ]
}