{
  "startTime": 1591927050.7980678,
  "endTime": 1591927060.7980678,
  "timing": [
[
        1591927050.7980678,
        1591927050.7980678,
        2,
        "2-frame"
      ],
[
        1591927050.8980677,
        1591927050.8980677,
        3,
        "3-frame"
      ],
[
        1591927050.9980679,
        1591927050.9980679,
        4,
        "4-frame"
      ],
[
        1591927051.0980678,
        1591927051.0980678,
        5,
        "5-frame"
      ],
[
        1591927051.198068,
        1591927051.198068,
        6,
        "6-frame"
      ],
[
        1591927051.2980678,
        1591927051.2980678,
        7,
        "7-frame"
      ],
[
        1591927051.3980677,
        1591927051.3980677,
        8,
        "8-frame"
      ],
[
        1591927051.4980679,
        1591927051.4980679,
        9,
        "9-frame"
      ],
[
        1591927051.5980678,
        1591927051.5980678,
        10,
        "10-frame"
      ],
[
        1591927051.698068,
        1591927051.698068,
        11,
        "11-frame"
      ]
  ]
}