{"messages":{"2":[1590560271.2394314,1590560271.2394314,2,"2-frame"],"3":[1590560272.2394314,1590560272.2394314,3,"3-frame"]},"timing":[{"2":[1590560271.2394314,1590560271.2394314,2,"2-frame"],"3":[1590560272.2394314,1590560272.2394314,3,"3-frame"]}]}